{
  "chain-0": {
    "__converged": 1,
    "c0n0|throughput": 416,
    "c0n0|latency": 14,
    "c0n0|availability": 0.9988339384866413,
    "c0n0|cost": 8,
    "c0n1|throughput": 225,
    "c0n1|latency": 38,
    "c0n1|availability": 0.9499190592601474,
    "c0n1|cost": 60,
    "c0n2|throughput": 64,
    "c0n2|latency": 65,
    "c0n2|availability": 0.8978767218712099,
    "c0n2|cost": 79,
    "c0n3|throughput": 41.76505321264267,
    "c0n3|latency": 67,
    "c0n3|availability": 0.8253179605759099,
    "c0n3|cost": 134,
    "c0n4|throughput": 41.76505321264267,
    "c0n4|latency": 68,
    "c0n4|availability": 0.7625340871818003,
    "c0n4|cost": 139,
    "c0n5|throughput": 41.76505321264267,
    "c0n5|latency": 95,
    "c0n5|availability": 0.7433937311570958,
    "c0n5|cost": 148
  },
  "chain-1": {
    "__converged": 1,
    "c1n0|throughput": 317,
    "c1n0|latency": 2,
    "c1n0|availability": 0.9053446522532032,
    "c1n0|cost": 38,
    "c1n1|throughput": 210.62939174566418,
    "c1n1|latency": 13,
    "c1n1|availability": 0.8771512203593952,
    "c1n1|cost": 56,
    "c1n2|throughput": 210.62939174566418,
    "c1n2|latency": 22,
    "c1n2|availability": 0.8482270100917714,
    "c1n2|cost": 83,
    "c1n3|throughput": 165,
    "c1n3|latency": 46,
    "c1n3|availability": 0.8409091398200593,
    "c1n3|cost": 100
  },
  "chain-2": {
    "__converged": 1,
    "c2n0|throughput": 215,
    "c2n0|latency": 11,
    "c2n0|availability": 0.9844177287044004,
    "c2n0|cost": 37,
    "c2n1|throughput": 215,
    "c2n1|latency": 41,
    "c2n1|availability": 0.9827395276799799,
    "c2n1|cost": 82,
    "c2n2|throughput": 215,
    "c2n2|latency": 54,
    "c2n2|availability": 0.9301106116804004,
    "c2n2|cost": 138,
    "c2n3|throughput": 198,
    "c2n3|latency": 78,
    "c2n3|availability": 0.8611616903896818,
    "c2n3|cost": 181
  },
  "chain-3": {
    "__converged": 1,
    "c3n0|throughput": 464,
    "c3n0|latency": 20,
    "c3n0|availability": 0.9137330764594954,
    "c3n0|cost": 29,
    "c3n1|throughput": 298.0995943583548,
    "c3n1|latency": 9,
    "c3n1|availability": 0.8692657308394287,
    "c3n1|cost": 67,
    "c3n2|throughput": 88,
    "c3n2|latency": 39,
    "c3n2|availability": 0.8530774957025241,
    "c3n2|cost": 123
  },
  "chain-4": {
    "__converged": 1,
    "c4n0|throughput": 441,
    "c4n0|latency": 15,
    "c4n0|availability": 0.9229548408596311,
    "c4n0|cost": 32,
    "c4n1|throughput": 441,
    "c4n1|latency": 22,
    "c4n1|availability": 0.8488309712186966,
    "c4n1|cost": 85,
    "c4n2|throughput": 310,
    "c4n2|latency": 46,
    "c4n2|availability": 0.8029549297244216,
    "c4n2|cost": 88,
    "c4n3|throughput": 429.59761372068897,
    "c4n3|latency": 76,
    "c4n3|availability": 0.7289069642237631,
    "c4n3|cost": 126
  },
  "chain-5": {
    "__converged": 1,
    "c5n0|throughput": 509,
    "c5n0|latency": 18,
    "c5n0|availability": 0.9508462290542666,
    "c5n0|cost": 17,
    "c5n1|throughput": 88,
    "c5n1|latency": 13,
    "c5n1|availability": 0.8696695344127403,
    "c5n1|cost": 68,
    "c5n2|throughput": 124.9895275067538,
    "c5n2|latency": 31,
    "c5n2|availability": 0.7883322157434606,
    "c5n2|cost": 91,
    "c5n3|throughput": 103.37495745681221,
    "c5n3|latency": 35,
    "c5n3|availability": 0.7398444916185094,
    "c5n3|cost": 129
  },
  "chain-6": {
    "__converged": 1,
    "c6n0|throughput": 227,
    "c6n0|latency": 11,
    "c6n0|availability": 0.9333860014420934,
    "c6n0|cost": 36,
    "c6n1|throughput": 136.8098567868583,
    "c6n1|latency": 24,
    "c6n1|availability": 0.9302635612456999,
    "c6n1|cost": 42,
    "c6n2|throughput": 136.8098567868583,
    "c6n2|latency": 39,
    "c6n2|availability": 0.870963385314229,
    "c6n2|cost": 101,
    "c6n3|throughput": 136.8098567868583,
    "c6n3|latency": 60,
    "c6n3|availability": 0.8296346587662978,
    "c6n3|cost": 121,
    "c6n4|throughput": 84.46340951548379,
    "c6n4|latency": 80,
    "c6n4|availability": 0.7627701055144916,
    "c6n4|cost": 179
  },
  "chain-7": {
    "__converged": 1,
    "c7n0|throughput": 281,
    "c7n0|latency": 5,
    "c7n0|availability": 0.9107479050925468,
    "c7n0|cost": 36,
    "c7n1|throughput": 273.299011138035,
    "c7n1|latency": 6,
    "c7n1|availability": 0.8551308825576309,
    "c7n1|cost": 78
  },
  "fan-in-0": {
    "__converged": 1,
    "f0s1|throughput": 169,
    "f0s1|latency": 2,
    "f0s1|availability": 0.95,
    "f0s1|cost": 2,
    "f0s2|throughput": 191,
    "f0s2|latency": 5,
    "f0s2|availability": 0.95,
    "f0s2|cost": 19,
    "f0r|throughput": 299,
    "f0r|latency": 12,
    "f0r|availability": 0.8934749999999999,
    "f0r|cost": 40
  },
  "fan-in-1": {
    "__converged": 1,
    "f1s1|throughput": 173,
    "f1s1|latency": 10,
    "f1s1|availability": 0.95,
    "f1s1|cost": 12,
    "f1s2|throughput": 141,
    "f1s2|latency": 1,
    "f1s2|availability": 0.95,
    "f1s2|cost": 12,
    "f1r|throughput": 290,
    "f1r|latency": 30,
    "f1r|availability": 0.8934749999999999,
    "f1r|cost": 25
  },
  "fan-in-2": {
    "__converged": 1,
    "f2s1|throughput": 185,
    "f2s1|latency": 13,
    "f2s1|availability": 0.95,
    "f2s1|cost": 12,
    "f2s2|throughput": 397,
    "f2s2|latency": 14,
    "f2s2|availability": 0.95,
    "f2s2|cost": 5,
    "f2r|throughput": 582,
    "f2r|latency": 30,
    "f2r|availability": 0.8934749999999999,
    "f2r|cost": 18
  },
  "fan-in-3": {
    "__converged": 1,
    "f3s1|throughput": 357,
    "f3s1|latency": 15,
    "f3s1|availability": 0.95,
    "f3s1|cost": 17,
    "f3s2|throughput": 271,
    "f3s2|latency": 9,
    "f3s2|availability": 0.95,
    "f3s2|cost": 8,
    "f3r|throughput": 628,
    "f3r|latency": 31,
    "f3r|availability": 0.8934749999999999,
    "f3r|cost": 53
  },
  "fan-out-0": {
    "__converged": 1,
    "o0s|throughput": 621,
    "o0s|latency": 9,
    "o0s|availability": 0.98,
    "o0s|cost": 18,
    "o0h|throughput": 262,
    "o0h|latency": 13,
    "o0h|availability": 0.9702,
    "o0h|cost": 41,
    "o0a|throughput": 183.39999999999998,
    "o0a|latency": 16,
    "o0a|availability": 0.9410939999999999,
    "o0a|cost": 57,
    "o0b|throughput": 78.6,
    "o0b|latency": 26,
    "o0b|availability": 0.9410939999999999,
    "o0b|cost": 42
  },
  "fan-out-1": {
    "__converged": 1,
    "o1s|throughput": 323,
    "o1s|latency": 5,
    "o1s|availability": 0.98,
    "o1s|cost": 16,
    "o1h|throughput": 323,
    "o1h|latency": 19,
    "o1h|availability": 0.9702,
    "o1h|cost": 23,
    "o1a|throughput": 226.1,
    "o1a|latency": 36,
    "o1a|availability": 0.9410939999999999,
    "o1a|cost": 27,
    "o1b|throughput": 96.89999999999999,
    "o1b|latency": 32,
    "o1b|availability": 0.9410939999999999,
    "o1b|cost": 28
  },
  "fan-out-2": {
    "__converged": 1,
    "o2s|throughput": 643,
    "o2s|latency": 4,
    "o2s|availability": 0.98,
    "o2s|cost": 14,
    "o2h|throughput": 419,
    "o2h|latency": 9,
    "o2h|availability": 0.9702,
    "o2h|cost": 16,
    "o2a|throughput": 293.29999999999995,
    "o2a|latency": 22,
    "o2a|availability": 0.9410939999999999,
    "o2a|cost": 30,
    "o2b|throughput": 125.69999999999999,
    "o2b|latency": 24,
    "o2b|availability": 0.9410939999999999,
    "o2b|cost": 30
  },
  "fan-out-3": {
    "__converged": 1,
    "o3s|throughput": 629,
    "o3s|latency": 10,
    "o3s|availability": 0.98,
    "o3s|cost": 15,
    "o3h|throughput": 575,
    "o3h|latency": 22,
    "o3h|availability": 0.9702,
    "o3h|cost": 39,
    "o3a|throughput": 208,
    "o3a|latency": 41,
    "o3a|availability": 0.9410939999999999,
    "o3a|cost": 69,
    "o3b|throughput": 172.5,
    "o3b|latency": 29,
    "o3b|availability": 0.9410939999999999,
    "o3b|cost": 41
  },
  "mesh-0": {
    "__converged": 0,
    "m0a|throughput": 0,
    "m0a|latency": 21989,
    "m0a|availability": 0,
    "m0a|cost": 20989,
    "m0b|throughput": 0,
    "m0b|latency": 22000,
    "m0b|availability": 0,
    "m0b|cost": 21000
  },
  "mesh-1": {
    "__converged": 0,